{"cameraMode":{"drawMode":0,"name":"Shaded","section":"Shading Mode"},"sceneLighting":false,"audioPlay":false,"sceneViewState":{"m_AlwaysRefresh":false,"showFog":true,"showSkybox":false,"showFlares":true,"showImageEffects":true,"showParticleSystems":true,"showVisualEffectGraphs":true,"m_FxEnabled":true},"in2DMode":false,"pivot":{"x":3.8491203784942629,"y":11.167736053466797,"z":-7.937814235687256},"rotation":{"x":-0.014059687033295632,"y":-0.9769659042358398,"z":0.20242537558078767,"w":-0.06753372400999069},"size":17.92181396484375,"orthographic":false}