{"cameraMode":{"drawMode":0,"name":"Shaded","section":"Shading Mode"},"sceneLighting":false,"audioPlay":false,"sceneViewState":{"m_AlwaysRefresh":false,"showFog":true,"showSkybox":false,"showFlares":true,"showImageEffects":true,"showParticleSystems":true,"showVisualEffectGraphs":true,"m_FxEnabled":true},"in2DMode":false,"pivot":{"x":-1.209776520729065,"y":5.678707599639893,"z":-2.7656126022338869},"rotation":{"x":-0.26529210805892947,"y":0.047429364174604419,"z":-0.013152331113815308,"w":-0.9630358219146729},"size":9.142922401428223,"orthographic":false}